{
    "metadata": [
        [
            76,
            "LB",
            "KBaseBiochem.Media-1.0",
            "2023-05-03T22:21:38+0000",
            1,
            "gburkeen",
            145986,
            "gburkeen:narrative_1683052035901",
            "10d98ac8fd33bc013f2282cf51ac14cb",
            6630,
            {}
        ]
    ],
    "provenance": [
        {
            "copied": "262/90/1",
            "copy_source_inaccessible": 0,
            "created": "2014-01-18T09:22:53+0000",
            "creator": "chenry",
            "epoch": 1390036973448,
            "extracted_ids": {},
            "info": [
                76,
                "LB",
                "KBaseBiochem.Media-1.0",
                "2023-05-03T22:21:38+0000",
                1,
                "gburkeen",
                145986,
                "gburkeen:narrative_1683052035901",
                "10d98ac8fd33bc013f2282cf51ac14cb",
                6630,
                {}
            ],
            "path": [
                "145986/76/1"
            ],
            "provenance": [
                {
                    "custom": {},
                    "epoch": 1371747886000,
                    "external_data": [],
                    "input_ws_objects": [],
                    "intermediate_incoming": [],
                    "intermediate_outgoing": [],
                    "method": "load_media_from_bio",
                    "method_params": [],
                    "resolved_ws_objects": [],
                    "service": "KBaseFBAModeling",
                    "service_ver": "0",
                    "subactions": [],
                    "time": "2013-06-20T17:04:46+0000"
                }
            ],
            "refs": []
        }
    ]
}