compounds	name	formula	minFlux	maxFlux	concentration
cpd00001	H2O	H2O	-100	100	0.001
cpd00007	O2	O2	-100	100	0.001
cpd00009	Phosphate	HO4P	-100	100	0.001
cpd00018	AMP	C10H12N5O7P	-100	100	0.001
cpd00023	L-Glutamate	C5H8NO4	-100	100	0.001
cpd00027	D-Glucose	C6H12O6	-100	100	0.001
cpd00028	Heme	C34H30FeN4O4	-100	100	0.001
cpd00030	Mn2+	Mn	-100	100	0.001
cpd00033	Glycine	C2H5NO2	-100	100	0.001
cpd00034	Zn2+	Zn	-100	100	0.001
cpd00035	L-Alanine	C3H7NO2	-100	100	0.001
cpd00039	L-Lysine	C6H15N2O2	-100	100	0.001
cpd00041	L-Aspartate	C4H6NO4	-100	100	0.001
cpd00046	CMP	C9H12N3O8P	-100	100	0.001
cpd00048	Sulfate	O4S	-100	100	0.001
cpd00051	L-Arginine	C6H15N4O2	-100	100	0.001
cpd00054	L-Serine	C3H7NO3	-100	100	0.001
cpd00058	Cu2+	Cu	-100	100	0.001
cpd00060	L-Methionine	C5H11NO2S	-100	100	0.001
cpd00063	Ca2+	Ca	-100	100	0.001
cpd00065	L-Tryptophan	C11H12N2O2	-100	100	0.001
cpd00066	L-Phenylalanine	C9H11NO2	-100	100	0.001
cpd00067	H+	H	-100	100	0.001
cpd00069	L-Tyrosine	C9H11NO3	-100	100	0.001
cpd00084	L-Cysteine	C3H7NO2S	-100	100	0.001
cpd00091	UMP	C9H11N2O9P	-100	100	0.001
cpd00092	Uracil	C4H4N2O2	-100	100	0.001
cpd00099	Cl-	Cl	-100	100	0.001
cpd00107	L-Leucine	C6H13NO2	-100	100	0.001
cpd00119	L-Histidine	C6H9N3O2	-100	100	0.001
cpd00126	GMP	C10H12N5O8P	-100	100	0.001
cpd00129	L-Proline	C5H9NO2	-100	100	0.001
cpd00149	Co2+	Co	-100	100	0.001
cpd00156	L-Valine	C5H11NO2	-100	100	0.001
cpd00161	L-Threonine	C4H9NO3	-100	100	0.001
cpd00182	Adenosine	C10H13N5O4	-100	100	0.001
cpd00184	Thymidine	C10H14N2O5	-100	100	0.001
cpd00205	K+	K	-100	100	0.001
cpd00215	Pyridoxal	C8H9NO3	-100	100	0.001
cpd00218	Niacin	C6H4NO2	-100	100	0.001
cpd00219	Prephenate	C10H8O6	-100	100	0.001
cpd00220	Riboflavin	C17H19N4O6	-100	100	0.001
cpd00226	HYXN	C5H4N4O	-100	100	0.001
cpd00239	H2S	HS	-100	100	0.001
cpd00246	Inosine	C10H12N4O5	-100	100	0.001
cpd00249	Uridine	C9H12N2O6	-100	100	0.001
cpd00254	Mg	Mg	-100	100	0.001
cpd00311	Guanosine	C10H13N5O5	-100	100	0.001
cpd00322	L-Isoleucine	C6H13NO2	-100	100	0.001
cpd00381	L-Cystine	C6H12N2O4S2	-100	100	0.001
cpd00383	Shikimate	C7H9O5	-100	100	0.001
cpd00393	Folate	C19H17N7O6	-100	100	0.001
cpd00438	Deoxyadenosine	C10H13N5O3	-100	100	0.001
cpd00531	Hg2+	Hg	-100	100	0.001
cpd00541	Lipoate	C8H13O2S2	-100	100	0.001
cpd00644	PAN	C9H16NO5	-100	100	0.001
cpd00654	Deoxycytidine	C9H13N3O4	-100	100	0.001
cpd00793	Thiamine phosphate	C12H17N4O4PS	-100	100	0.001
cpd00971	Na+	Na	-100	100	0.001
cpd01012	Cd2+	Cd	-100	100	0.001
cpd01048	Arsenate	HAsO4	-100	100	0.001
cpd03424	Vitamin B12	C62H91CoN13O14PR	-100	100	0.001
cpd10515	Fe+2	Fe	-100	100	0.001
cpd10516	Fe+3	Fe	-100	100	0.001
cpd11595	chromate	H2CrO4	-100	100	0.001
