{
"apiVersion": "V2",
"assemblies": [
{
  "files": [
    {
      "filePath": "data_summary.tsv",
      "fileType": "DATA_TABLE"
    },
    {
      "filePath": "assembly_data_report.jsonl",
      "fileType": "DATA_REPORT"
    }
  ]
},{
  "accession": "GCA_013267415.1",
  "files": [
    {
      "filePath": "GCA_013267415.1/GCA_013267415.1_ASM1326741v1_genomic.fna",
      "fileType": "GENOMIC_NUCLEOTIDE_FASTA"
    }
  ]
},{
  "accession": "GCF_013267415.1",
  "files": [
    {
      "filePath": "GCF_013267415.1/GCF_013267415.1_ASM1326741v1_genomic.fna",
      "fileType": "GENOMIC_NUCLEOTIDE_FASTA"
    }
  ]
}]}
