{
    "metadata": [
        [
            181,
            "GCF_000756125.1_ASM75612v1_Bpseudomaleigenomic.fna_assembly.RAST.fbamodel",
            "KBaseFBA.FBAModel-15.0",
            "2023-11-05T00:37:43+0000",
            1,
            "gburkeen",
            161794,
            "gburkeen:narrative_1699132181694",
            "b9e6830c48507cf4a1968d36efa55f4e",
            2219840,
            {
                "Genome": "161794/108/1",
                "Name": "GCF_000756125.1_ASM75612v1_Bpseudomaleigenomic.fna_assembly.RAST.fbamodel",
                "Number biomasses": "1",
                "Number compartments": "2",
                "Number compounds": "1360",
                "Number gapfills": "2",
                "Number gapgens": "0",
                "Number reactions": "1369",
                "Source": "KBase",
                "Source ID": "GCF_000756125.1_ASM75612v1_Bpseudomaleigenomic.fna_assembly.RAST.fbamodel",
                "Type": "Test"
            }
        ]
    ],
    "provenance": [
        {
            "copy_source_inaccessible": 0,
            "created": "2023-11-05T00:37:42+0000",
            "creator": "gburkeen",
            "epoch": 1699144662611,
            "extracted_ids": {},
            "info": [
                181,
                "GCF_000756125.1_ASM75612v1_Bpseudomaleigenomic.fna_assembly.RAST.fbamodel",
                "KBaseFBA.FBAModel-15.0",
                "2023-11-05T00:37:43+0000",
                1,
                "gburkeen",
                161794,
                "gburkeen:narrative_1699132181694",
                "b9e6830c48507cf4a1968d36efa55f4e",
                2219840,
                {
                    "Genome": "161794/108/1",
                    "Name": "GCF_000756125.1_ASM75612v1_Bpseudomaleigenomic.fna_assembly.RAST.fbamodel",
                    "Number biomasses": "1",
                    "Number compartments": "2",
                    "Number compounds": "1360",
                    "Number gapfills": "2",
                    "Number gapgens": "0",
                    "Number reactions": "1369",
                    "Source": "KBase",
                    "Source ID": "GCF_000756125.1_ASM75612v1_Bpseudomaleigenomic.fna_assembly.RAST.fbamodel",
                    "Type": "Test"
                }
            ],
            "orig_wsid": 161794,
            "path": [
                "161794/181/1"
            ],
            "provenance": [
                {
                    "custom": {},
                    "external_data": [],
                    "input_ws_objects": [],
                    "intermediate_incoming": [],
                    "intermediate_outgoing": [],
                    "method": "build_multiple_metabolic_models",
                    "method_params": [
                        {
                            "custom_bound_list": [],
                            "gapfill_model": 1,
                            "genome_ids": [
                                "161794/134/1"
                            ],
                            "genome_text": null,
                            "media_id": "gburkeen:narrative_1699132181694/LB",
                            "media_supplement_list": "",
                            "minimum_target_flux": 0.1,
                            "template_id": "auto",
                            "workspace": "gburkeen:narrative_1699132181694"
                        }
                    ],
                    "resolved_ws_objects": [],
                    "service": "fba_tools",
                    "subactions": []
                }
            ],
            "refs": [
                "262/535/3",
                "161794/108/1",
                "161794/138/1"
            ]
        }
    ]
}