{
    "metadata": [
        [
            189,
            "GCF_000191405.1_ASM19140v1_Hparaingluenzaegenomic.fna_assembly.RAST.fbamodel",
            "KBaseFBA.FBAModel-15.0",
            "2023-11-05T00:41:54+0000",
            1,
            "gburkeen",
            161794,
            "gburkeen:narrative_1699132181694",
            "1eece4c7ee5b6d9c0c57bd636fe1be0a",
            1617593,
            {
                "Genome": "161794/124/1",
                "Name": "GCF_000191405.1_ASM19140v1_Hparaingluenzaegenomic.fna_assembly.RAST.fbamodel",
                "Number biomasses": "1",
                "Number compartments": "2",
                "Number compounds": "1070",
                "Number gapfills": "2",
                "Number gapgens": "0",
                "Number reactions": "1049",
                "Source": "KBase",
                "Source ID": "GCF_000191405.1_ASM19140v1_Hparaingluenzaegenomic.fna_assembly.RAST.fbamodel",
                "Type": "Test"
            }
        ]
    ],
    "provenance": [
        {
            "copy_source_inaccessible": 0,
            "created": "2023-11-05T00:41:53+0000",
            "creator": "gburkeen",
            "epoch": 1699144913690,
            "extracted_ids": {},
            "info": [
                189,
                "GCF_000191405.1_ASM19140v1_Hparaingluenzaegenomic.fna_assembly.RAST.fbamodel",
                "KBaseFBA.FBAModel-15.0",
                "2023-11-05T00:41:54+0000",
                1,
                "gburkeen",
                161794,
                "gburkeen:narrative_1699132181694",
                "1eece4c7ee5b6d9c0c57bd636fe1be0a",
                1617593,
                {
                    "Genome": "161794/124/1",
                    "Name": "GCF_000191405.1_ASM19140v1_Hparaingluenzaegenomic.fna_assembly.RAST.fbamodel",
                    "Number biomasses": "1",
                    "Number compartments": "2",
                    "Number compounds": "1070",
                    "Number gapfills": "2",
                    "Number gapgens": "0",
                    "Number reactions": "1049",
                    "Source": "KBase",
                    "Source ID": "GCF_000191405.1_ASM19140v1_Hparaingluenzaegenomic.fna_assembly.RAST.fbamodel",
                    "Type": "Test"
                }
            ],
            "orig_wsid": 161794,
            "path": [
                "161794/189/1"
            ],
            "provenance": [
                {
                    "custom": {},
                    "external_data": [],
                    "input_ws_objects": [],
                    "intermediate_incoming": [],
                    "intermediate_outgoing": [],
                    "method": "build_multiple_metabolic_models",
                    "method_params": [
                        {
                            "custom_bound_list": [],
                            "gapfill_model": 1,
                            "genome_ids": [
                                "161794/134/1"
                            ],
                            "genome_text": null,
                            "media_id": "gburkeen:narrative_1699132181694/LB",
                            "media_supplement_list": "",
                            "minimum_target_flux": 0.1,
                            "template_id": "auto",
                            "workspace": "gburkeen:narrative_1699132181694"
                        }
                    ],
                    "resolved_ws_objects": [],
                    "service": "fba_tools",
                    "subactions": []
                }
            ],
            "refs": [
                "262/535/3",
                "161794/124/1",
                "161794/138/1"
            ]
        }
    ]
}