{
    "metadata": [
        [
            98,
            "SevenStrains2GangsGapsFilledOnLB",
            "KBaseFBA.FBAModel-15.0",
            "2023-05-03T23:55:21+0000",
            1,
            "gburkeen",
            145986,
            "gburkeen:narrative_1683052035901",
            "039004d8d25e95ab413585bad505f80b",
            10903022,
            {
                "Genome": "145986/19/1",
                "Name": "7CompartmentGang1vGang2",
                "Number biomasses": "8",
                "Number compartments": "9",
                "Number compounds": "7024",
                "Number gapfills": "1",
                "Number gapgens": "0",
                "Number reactions": "7443",
                "Source": "KBase",
                "Source ID": "7CompartmentGang1vGang2",
                "Type": "CommunityModel"
            }
        ]
    ],
    "provenance": [
        {
            "copy_source_inaccessible": 0,
            "created": "2023-05-03T23:55:19+0000",
            "creator": "gburkeen",
            "epoch": 1683158119753,
            "extracted_ids": {},
            "info": [
                98,
                "SevenStrains2GangsGapsFilledOnLB",
                "KBaseFBA.FBAModel-15.0",
                "2023-05-03T23:55:21+0000",
                1,
                "gburkeen",
                145986,
                "gburkeen:narrative_1683052035901",
                "039004d8d25e95ab413585bad505f80b",
                10903022,
                {
                    "Genome": "145986/19/1",
                    "Name": "7CompartmentGang1vGang2",
                    "Number biomasses": "8",
                    "Number compartments": "9",
                    "Number compounds": "7024",
                    "Number gapfills": "1",
                    "Number gapgens": "0",
                    "Number reactions": "7443",
                    "Source": "KBase",
                    "Source ID": "7CompartmentGang1vGang2",
                    "Type": "CommunityModel"
                }
            ],
            "orig_wsid": 145986,
            "path": [
                "145986/98/1"
            ],
            "provenance": [
                {
                    "custom": {},
                    "external_data": [],
                    "input_ws_objects": [],
                    "intermediate_incoming": [],
                    "intermediate_outgoing": [],
                    "method": "gapfill_metabolic_model",
                    "method_params": [
                        {
                            "custom_bound_list": [],
                            "fbamodel_id": "145986/48/1",
                            "fbamodel_output_id": "SevenStrains2GangsGapsFilledOnLB",
                            "feature_ko_list": [],
                            "media_id": "145986/76/1",
                            "media_supplement_list": "",
                            "minimum_target_flux": 0.1,
                            "reaction_ko_list": "",
                            "source_fbamodel_id": null,
                            "target_reaction": "",
                            "workspace": "gburkeen:narrative_1683052035901"
                        }
                    ],
                    "resolved_ws_objects": [],
                    "service": "fba_tools",
                    "subactions": []
                }
            ],
            "refs": [
                "145986/23/1",
                "145986/22/1",
                "145986/21/1",
                "145986/20/1",
                "145986/76/1",
                "145986/19/1",
                "145986/18/1",
                "145986/17/1"
            ]
        }
    ]
}