{"source_id":"LB","isMinimal":0,"name":"LB","type":"unknown","id":"kb|media.682","mediacompounds":[{"compound_ref":"489/6/1/compounds/id/cpd00001","concentration":0.001,"maxFlux":100,"minFlux":-100},{"compound_ref":"489/6/1/compounds/id/cpd00007","concentration":0.001,"maxFlux":100,"minFlux":-100},{"compound_ref":"489/6/1/compounds/id/cpd00009","concentration":0.001,"maxFlux":100,"minFlux":-100},{"compound_ref":"489/6/1/compounds/id/cpd00018","concentration":0.001,"maxFlux":100,"minFlux":-100},{"compound_ref":"489/6/1/compounds/id/cpd00023","concentration":0.001,"maxFlux":100,"minFlux":-100},{"compound_ref":"489/6/1/compounds/id/cpd00027","concentration":0.001,"maxFlux":100,"minFlux":-100},{"compound_ref":"489/6/1/compounds/id/cpd00028","concentration":0.001,"maxFlux":100,"minFlux":-100},{"compound_ref":"489/6/1/compounds/id/cpd00030","concentration":0.001,"maxFlux":100,"minFlux":-100},{"compound_ref":"489/6/1/compounds/id/cpd00033","concentration":0.001,"maxFlux":100,"minFlux":-100},{"compound_ref":"489/6/1/compounds/id/cpd00034","concentration":0.001,"maxFlux":100,"minFlux":-100},{"compound_ref":"489/6/1/compounds/id/cpd00035","concentration":0.001,"maxFlux":100,"minFlux":-100},{"compound_ref":"489/6/1/compounds/id/cpd00039","concentration":0.001,"maxFlux":100,"minFlux":-100},{"compound_ref":"489/6/1/compounds/id/cpd00041","concentration":0.001,"maxFlux":100,"minFlux":-100},{"compound_ref":"489/6/1/compounds/id/cpd00046","concentration":0.001,"maxFlux":100,"minFlux":-100},{"compound_ref":"489/6/1/compounds/id/cpd00048","concentration":0.001,"maxFlux":100,"minFlux":-100},{"compound_ref":"489/6/1/compounds/id/cpd00051","concentration":0.001,"maxFlux":100,"minFlux":-100},{"compound_ref":"489/6/1/compounds/id/cpd00054","concentration":0.001,"maxFlux":100,"minFlux":-100},{"compound_ref":"489/6/1/compounds/id/cpd00058","concentration":0.001,"maxFlux":100,"minFlux":-100},{"compound_ref":"489/6/1/compounds/id/cpd00060","concentration":0.001,"maxFlux":100,"minFlux":-100},{"compound_ref":"489/6/1/compounds/id/cpd00063","concentration":0.001,"maxFlux":100,"minFlux":-100},{"compound_ref":"489/6/1/compounds/id/cpd00065","concentration":0.001,"maxFlux":100,"minFlux":-100},{"compound_ref":"489/6/1/compounds/id/cpd00066","concentration":0.001,"maxFlux":100,"minFlux":-100},{"compound_ref":"489/6/1/compounds/id/cpd00067","concentration":0.001,"maxFlux":100,"minFlux":-100},{"compound_ref":"489/6/1/compounds/id/cpd00069","concentration":0.001,"maxFlux":100,"minFlux":-100},{"compound_ref":"489/6/1/compounds/id/cpd00084","concentration":0.001,"maxFlux":100,"minFlux":-100},{"compound_ref":"489/6/1/compounds/id/cpd00091","concentration":0.001,"maxFlux":100,"minFlux":-100},{"compound_ref":"489/6/1/compounds/id/cpd00092","concentration":0.001,"maxFlux":100,"minFlux":-100},{"compound_ref":"489/6/1/compounds/id/cpd00099","concentration":0.001,"maxFlux":100,"minFlux":-100},{"compound_ref":"489/6/1/compounds/id/cpd00107","concentration":0.001,"maxFlux":100,"minFlux":-100},{"compound_ref":"489/6/1/compounds/id/cpd00119","concentration":0.001,"maxFlux":100,"minFlux":-100},{"compound_ref":"489/6/1/compounds/id/cpd00126","concentration":0.001,"maxFlux":100,"minFlux":-100},{"compound_ref":"489/6/1/compounds/id/cpd00129","concentration":0.001,"maxFlux":100,"minFlux":-100},{"compound_ref":"489/6/1/compounds/id/cpd00149","concentration":0.001,"maxFlux":100,"minFlux":-100},{"compound_ref":"489/6/1/compounds/id/cpd00156","concentration":0.001,"maxFlux":100,"minFlux":-100},{"compound_ref":"489/6/1/compounds/id/cpd00161","concentration":0.001,"maxFlux":100,"minFlux":-100},{"compound_ref":"489/6/1/compounds/id/cpd00182","concentration":0.001,"maxFlux":100,"minFlux":-100},{"compound_ref":"489/6/1/compounds/id/cpd00184","concentration":0.001,"maxFlux":100,"minFlux":-100},{"compound_ref":"489/6/1/compounds/id/cpd00205","concentration":0.001,"maxFlux":100,"minFlux":-100},{"compound_ref":"489/6/1/compounds/id/cpd00215","concentration":0.001,"maxFlux":100,"minFlux":-100},{"compound_ref":"489/6/1/compounds/id/cpd00218","concentration":0.001,"maxFlux":100,"minFlux":-100},{"compound_ref":"489/6/1/compounds/id/cpd00219","concentration":0.001,"maxFlux":100,"minFlux":-100},{"compound_ref":"489/6/1/compounds/id/cpd00220","concentration":0.001,"maxFlux":100,"minFlux":-100},{"compound_ref":"489/6/1/compounds/id/cpd00226","concentration":0.001,"maxFlux":100,"minFlux":-100},{"compound_ref":"489/6/1/compounds/id/cpd00239","concentration":0.001,"maxFlux":100,"minFlux":-100},{"compound_ref":"489/6/1/compounds/id/cpd00246","concentration":0.001,"maxFlux":100,"minFlux":-100},{"compound_ref":"489/6/1/compounds/id/cpd00249","concentration":0.001,"maxFlux":100,"minFlux":-100},{"compound_ref":"489/6/1/compounds/id/cpd00254","concentration":0.001,"maxFlux":100,"minFlux":-100},{"compound_ref":"489/6/1/compounds/id/cpd00311","concentration":0.001,"maxFlux":100,"minFlux":-100},{"compound_ref":"489/6/1/compounds/id/cpd00322","concentration":0.001,"maxFlux":100,"minFlux":-100},{"compound_ref":"489/6/1/compounds/id/cpd00381","concentration":0.001,"maxFlux":100,"minFlux":-100},{"compound_ref":"489/6/1/compounds/id/cpd00383","concentration":0.001,"maxFlux":100,"minFlux":-100},{"compound_ref":"489/6/1/compounds/id/cpd00393","concentration":0.001,"maxFlux":100,"minFlux":-100},{"compound_ref":"489/6/1/compounds/id/cpd00438","concentration":0.001,"maxFlux":100,"minFlux":-100},{"compound_ref":"489/6/1/compounds/id/cpd00531","concentration":0.001,"maxFlux":100,"minFlux":-100},{"compound_ref":"489/6/1/compounds/id/cpd00541","concentration":0.001,"maxFlux":100,"minFlux":-100},{"compound_ref":"489/6/1/compounds/id/cpd00644","concentration":0.001,"maxFlux":100,"minFlux":-100},{"compound_ref":"489/6/1/compounds/id/cpd00654","concentration":0.001,"maxFlux":100,"minFlux":-100},{"compound_ref":"489/6/1/compounds/id/cpd00793","concentration":0.001,"maxFlux":100,"minFlux":-100},{"compound_ref":"489/6/1/compounds/id/cpd00971","concentration":0.001,"maxFlux":100,"minFlux":-100},{"compound_ref":"489/6/1/compounds/id/cpd01012","concentration":0.001,"maxFlux":100,"minFlux":-100},{"compound_ref":"489/6/1/compounds/id/cpd01048","concentration":0.001,"maxFlux":100,"minFlux":-100},{"compound_ref":"489/6/1/compounds/id/cpd03424","concentration":0.001,"maxFlux":100,"minFlux":-100},{"compound_ref":"489/6/1/compounds/id/cpd10515","concentration":0.001,"maxFlux":100,"minFlux":-100},{"compound_ref":"489/6/1/compounds/id/cpd10516","concentration":0.001,"maxFlux":100,"minFlux":-100},{"compound_ref":"489/6/1/compounds/id/cpd11595","concentration":0.001,"maxFlux":100,"minFlux":-100}],"isDefined":0,"__VERSION__":1}